Toxicity,Severe_toxicity,Obscene,Identity_attack,Insult,Threat,Sexual_explicit,total_toxicity,toxicity+non_toxicity,non_toxicity_score,label_1,label_2
0.000299468,6.56572,0.00045754,0.000162742,0.00040235,6.788591,4.1863645,17.5419976,31,13.4580024,1,Fake
0.000426163,3.562209,0.000157663,0.000123706,0.000140895,4.9529368,3.1786876,11.69468183,31,19.30531817,0,Fake
0.000491016,2.0898462,0.000115783,7.492199,0.000177427,3.276651,2.1647547,15.02423513,31,15.97576487,0,Fake
0.000357963,3.1277374,0.000164516,9.2840084,0.000167365,4.161154,2.6008423,19.17443194,31,11.82556806,1,Fake
0.00062728,3.971006,0.000206942,0.000154128,0.000170842,9.670234,4.2324435,17.87484269,31,13.12515731,1,Fake
0.000393432,3.902787,0.000248303,0.00012264,0.00020328,5.8696063,3.518025,13.29138595,31,17.70861405,0,Fake
0.002846414,1.1569061,8.424511,0.000109073,0.000798796,3.269821,1.853242,14.70823438,31,16.29176562,0,Fake
0.073312774,3.9746923,0.000854197,0.000211117,0.03196675,0.000389833,0.000268357,4.081695328,31,26.91830467,0,Fake
0.000414339,3.06278,0.000174281,9.364244,0.000203103,5.094431,2.7053638,20.22761052,31,10.77238948,1,Fake
0.000318759,0.000206383,0.001521794,0.000448816,0.001266813,0.000147883,7.6359596,7.639870048,31,23.36012995,0,Fake
0.001579566,1.3816274,0.000122038,6.8389534,0.000796336,2.1543154,2.5511592,12.92855334,31,18.07144666,0,Fake
0.00186207,1.6350894,0.000224341,9.694931,0.000701036,2.4496945,3.0382882,16.82079055,31,14.17920945,1,Fake
0.001060713,4.6269957,0.00036239,0.000311359,0.000612036,7.616019,3.3442844,15.5896456,31,15.4103544,1,Fake
0.000333803,3.6905985,0.000176327,0.000106585,0.00015788,4.7272497,3.214261,11.63288379,31,19.36711621,0,Fake
0.000384,3.8387225,0.000181563,0.000131875,0.000159939,6.950262,2.9566001,13.74644198,31,17.25355802,0,Fake
0.000844417,3.823859,0.000171013,0.000146154,0.000191035,0.00011825,3.3701854,7.195515269,31,23.80448473,0,Fake
0.000505283,3.706672,0.000160496,0.000178581,0.000157142,5.4783013,3.027754,12.2137288,31,18.7862712,0,Fake
0.000440215,4.3733453,0.000207308,0.000156248,0.000211836,7.0544695,4.083768,15.51259841,31,15.48740159,1,Fake
0.000511903,2.6406551,0.000162292,7.4833166,0.000202695,4.0213738,3.175715,17.32193739,31,13.67806261,1,Fake
0.000792438,1.7407376,0.000121754,8.5261985,0.000338424,2.7508291,2.1251439,15.14416172,31,15.85583828,0,Fake
0.000284406,4.3817905,0.00023846,8.897269,0.000231776,4.752807,3.6778903,21.71051144,31,9.289488558,1,Fake
0.6996582,0.002185196,0.002770182,0.017247215,0.005456823,0.7066563,0.002076263,1.436050179,31,29.56394982,0,Fake
0.000443687,2.4297506,0.00017022,8.566515,0.000230315,3.8982973,2.5252546,17.42066172,31,13.57933828,1,Fake
0.000751282,2.8170552,0.000158745,9.108781,0.000261841,7.042766,2.7893417,21.75911577,31,9.240884233,1,Fake
0.000459767,6.9224014,0.000405427,0.000164422,0.000659337,7.587299,5.9436185,20.45500785,31,10.54499215,1,Fake
0.000556911,1.6557062,0.000107094,9.0546884,0.000211751,2.5962456,1.892605,15.20012096,31,15.79987904,0,Fake
0.000750002,2.5090345,0.000160882,6.8676374,0.000319481,5.1201223,3.542206,18.04023056,31,12.95976944,1,Fake
0.09221145,0.000195538,0.00071217,0.001048532,0.001933209,0.031592317,0.000615708,0.128308923,31,30.87169108,0,Fake
0.000539244,2.5431966,0.00015098,0.000115822,0.000218322,3.3504133,2.2987735,8.193407768,31,22.80659223,0,Fake
0.000503236,2.8436849,0.000180379,9.1948285,0.000303918,3.728148,2.5193998,18.28704873,31,12.71295127,1,Fake
0.006627424,3.4655066,0.000136412,0.000432182,0.00045523,0.001061661,7.814694,11.28891351,31,19.71108649,0,Fake
0.003741385,2.9673849,0.000188508,0.000132567,0.000538043,0.000147234,0.000102134,2.972234772,31,28.02776523,0,Fake
0.000343197,3.003777,0.000170548,8.05762,0.000205121,4.9740807,2.6350754,18.67127197,31,12.32872803,1,Fake
0.013348239,0.00015724,0.001046733,0.000333864,0.000401948,0.000626429,0.004654068,0.020568521,31,30.97943148,0,Fake
0.00051883,3.4782603,0.000197079,0.000107192,0.00015538,5.1631774,4.543022,13.18543818,31,17.81456182,0,Fake
0.002167594,3.224386,0.000231835,0.000207846,0.000458667,9.118645,2.6043841,14.95048104,31,16.04951896,0,Fake
0.000726616,3.344999,0.000202414,0.000127562,0.000223431,5.3440242,3.2578348,11.94813802,31,19.05186198,0,Fake
0.000499999,1.9224673,0.000140575,7.124984,0.000212814,2.7295187,2.441797,14.21962039,31,16.78037961,0,Fake
0.003305805,5.273413,0.00024662,0.000402963,0.000173969,0.000345187,0.000342522,5.278230066,31,25.72176993,0,Fake
0.008831772,2.0035888,0.000260383,0.000178602,0.002774845,9.526555,7.15944,18.7016294,31,12.2983706,1,Fake
0.000427502,2.2559338,0.000127379,8.0379585,0.000165984,3.3395423,2.4250721,16.05922757,31,14.94077243,1,Fake
0.000418258,2.6204656,0.000203129,8.2930426,0.000278296,2.55067,2.3999855,15.86506338,31,15.13493662,1,Fake
0.000447428,2.4801377,0.000179233,9.0468006,0.000257758,2.8939188,2.2815591,16.70330062,31,14.29669938,1,Fake
0.001070443,3.115107,0.000115122,0.00016562,0.000169597,0.000159996,3.5907906,6.707578378,31,24.29242162,0,Fake
0.000444427,2.1309277,0.000114555,9.488477,0.000167964,3.9946877,2.2556584,17.87047775,31,13.12952225,1,Fake
0.000814075,5.2998406,0.000322113,0.000163014,0.000248258,0.000116407,4.5846813,9.886185767,31,21.11381423,0,Fake
0.00196447,5.4254484,0.000215568,0.000185372,0.000368209,0.000445895,0.000112069,5.428739983,31,25.57126002,0,Fake
0.000695277,2.2017837,0.000163845,0.000100649,0.000257812,3.0165656,2.8895203,8.109087183,31,22.89091282,0,Fake
0.007325909,9.417068,0.000847402,0.000164432,0.000946417,0.000731905,0.000824463,9.427908528,31,21.57209147,0,Fake
0.000299292,3.5398658,0.000190916,9.709698,0.000175112,4.8079164,3.1466152,21.20476072,31,9.795239281,1,Fake
0.000379759,4.9625585,0.000253821,0.000119405,0.000233914,7.112567,3.4344717,15.5105841,31,15.4894159,1,Fake
0.000743332,5.5202072,0.000256939,0.00011118,0.000247987,0.000115676,6.951508,12.47319031,31,18.52680969,0,Fake
0.001607383,4.8826576,0.000409766,0.000264722,0.000323268,7.0243215,5.8314337,17.74101794,31,13.25898206,1,Fake
0.000341517,2.5837944,0.00013043,9.335526,0.000183064,4.1249004,2.3983792,18.44325501,31,12.55674499,1,Fake
0.000435089,0.000136937,0.001323515,0.000284872,0.001532458,9.027092,6.4797336,15.51053847,31,15.48946153,1,Fake
0.00041392,2.2441365,0.00012909,8.246515,0.000182269,3.4131703,2.4159957,16.32054278,31,14.67945722,1,Fake
0.000603742,2.5624948,0.000217544,7.382174,0.000191697,2.763803,3.825537,16.53502178,31,14.46497822,1,Fake
0.00045293,2.1382419,0.000124715,8.720403,0.000186219,3.9222898,2.3552326,17.13693116,31,13.86306884,1,Fake
0.001543447,7.004656,0.000542771,0.000220526,0.000269009,0.000161477,0.000149221,7.007542452,31,23.99245755,0,Fake
0.001163059,2.1770917,0.00010048,0.000135605,0.000182819,0.000132758,3.245964,5.424770421,31,25.57522958,0,Fake
0.004707526,3.296082,0.000204993,0.001546575,0.000422947,0.000122924,3.888803,7.191889965,31,23.80811003,0,Fake
0.000398604,1.7996093,0.000115376,7.216145,0.000182065,2.775599,2.0515317,13.84358104,31,17.15641896,0,Fake
0.000465165,5.7839985,0.00042303,0.00012071,0.000403053,7.79709,5.6126435,19.19514396,31,11.80485604,1,Fake
0.001727783,2.3727585,0.000208675,0.000113039,0.000669201,4.0777326,2.5449337,8.998143498,31,22.0018565,0,Fake
0.000483933,1.9668969,0.000149192,7.8080055,0.000199094,2.797005,2.2165943,14.78933392,31,16.21066608,0,Fake
0.001345418,3.2222957,0.000197632,0.000238414,0.000293245,4.94275,3.2902124,11.45733281,31,19.54266719,0,Fake
0.000493781,8.8395005,0.000855446,0.000258693,0.000501622,6.85229,7.3992436,23.09314364,31,7.906856357,1,Fake
0.000794158,2.511941,0.000157172,0.000123763,0.000224427,5.7326335,8.2921404,16.53801442,31,14.46198558,1,Fake
0.002145385,1.3709671,8.849258,0.000209917,0.000420685,5.1519684,1.6511713,17.02614079,31,13.97385921,1,Fake
0.000737267,2.981474,0.000165683,0.000121322,0.000209026,8.062393,3.209807,14.2549073,31,16.7450927,0,Fake
0.000981779,2.1995045,0.000115196,0.000123326,0.000277103,7.733127,2.5815383,12.5156672,31,18.4843328,0,Fake
0.002880035,3.247001,0.00027893,0.000117866,0.00050519,0.0002335,0.000175119,3.251191639,31,27.74880836,0,Fake
0.000887701,9.46258,0.000323254,0.000231028,0.000277923,0.000218033,0.000123862,9.4646418,31,21.5353582,0,Fake
0.021441737,1.1954684,0.000177522,0.000115373,0.01183243,2.8838327,2.2544735,6.367341662,31,24.63265834,0,Fake
0.000919294,2.1002616,0.000146472,0.000143103,0.000282507,3.0880492,2.5233529,7.713155077,31,23.28684492,0,Fake
0.000722758,2.462718,0.000165922,0.000134597,0.000254765,3.2062213,3.229821,8.900038342,31,22.09996166,0,Fake
0.000409974,2.3844474,0.000169923,7.186582,0.000240608,3.3425753,2.400938,15.3153632,31,15.6846368,0,Fake
0.008950969,3.4014727,0.000533349,7.677878,0.002714814,0.000101112,0.000236267,11.09188721,31,19.90811279,0,Fake
0.001124597,5.673203,0.000602115,0.000150495,0.000762238,9.883245,8.256878,23.81596544,31,7.184034556,1,Fake
0.001217395,2.2568958,0.000174428,0.000131755,0.000351408,5.0592826,2.8450006,10.16305398,31,20.83694602,0,Fake
0.000688913,1.9316965,0.000114243,9.896863,0.000241048,3.653034,2.1516791,17.6343168,31,13.3656832,1,Fake
0.00040632,4.9073235,0.000303142,9.5552954,0.000250759,4.767651,4.0001276,23.23135772,31,7.768642279,1,Fake
0.000708101,2.1263928,0.000207708,7.438891,0.000260724,3.243331,2.9140216,15.72381293,31,15.27618707,1,Fake
0.000346582,2.883456,0.000156628,8.51566,0.000209165,3.87433,2.4501875,17.72434588,31,13.27565412,1,Fake
0.30835345,0.000253677,0.001721996,0.00076877,0.0636802,0.061091103,0.000786447,0.436655643,31,30.56334436,0,Fake
0.000383086,2.2038656,0.000100171,0.000107285,0.000143796,3.826252,2.2176728,8.248524737,31,22.75147526,0,Fake
0.000506157,2.9123239,0.000163473,0.000129266,0.000182896,5.029702,2.7867307,10.72973839,31,20.27026161,0,Fake
0.000557614,1.8975841,0.000133395,9.119949,0.000225987,3.067603,2.0225405,16.1085936,31,14.8914064,1,Fake
0.000901001,1.4151441,0.000124301,6.8646645,0.000321337,2.5765801,2.3288998,13.18663514,31,17.81336486,0,Fake
0.0022299,1.6124135,0.000133955,7.7052224,0.000956839,5.9443155,3.681287,18.94655909,31,12.05344091,1,Fake
0.001093536,6.732117,0.000400408,0.000148935,0.000412616,0.00014444,9.9449586,16.67927553,31,14.32072447,1,Fake
0.001090912,2.3268063,0.000181469,0.000213718,0.000401738,4.022095,2.2329565,8.583745637,31,22.41625436,0,Fake
0.000715105,1.7867753,9.538198,0.000137925,0.000281888,2.8227401,1.6716129,15.82046122,31,15.17953878,1,Fake
0.000776904,7.976697,0.000571655,0.000163954,0.000403312,0.000102963,5.0228817,13.00159749,31,17.99840251,0,Fake
0.000477773,2.7291206,0.000157805,9.797124,0.000242661,4.171997,2.6479353,19.34705514,31,11.65294486,1,Fake
0.001108479,2.3755954,9.712986,0.000230943,0.000252414,5.979525,2.2285169,20.29821513,31,10.70178487,1,Fake
0.000465537,2.0062484,0.000126053,6.978181,0.000181,3.1564792,2.3356213,14.47730249,31,16.52269751,0,Fake
0.000422611,2.109071,0.000103801,0.000101378,0.000171895,3.6825404,2.0562287,7.848639786,31,23.15136021,0,Fake
0.001293701,1.7158078,0.000157309,8.494063,0.000559907,2.6788794,2.1648311,15.05559222,31,15.94440778,0,Fake
0.014400388,3.414512,0.000440505,0.000268549,0.004389983,0.000145393,4.494723,7.928879819,31,23.07112018,0,Fake
0.000384772,3.5994064,0.000226984,0.000132904,0.000272598,4.2619333,2.9793053,10.84166226,31,20.15833774,0,Fake
0.007624771,7.332438,0.00094772,0.000130656,0.00124616,0.000259579,0.000562294,7.343209178,31,23.65679082,0,Fake
0.000371127,2.3555987,0.00011774,9.583785,0.00014983,4.1487518,2.3875258,18.4763,31,12.5237,1,Fake
0.000411834,2.4099552,0.00016141,8.770374,0.000200421,3.2066037,2.1838747,16.57158127,31,14.42841873,1,Fake
0.000711786,4.0909752,0.000204045,0.000137164,0.000260314,9.790016,3.792428,17.67473251,31,13.32526749,1,Fake
0.000484959,2.5705573,0.000130578,0.000136443,0.000181357,4.3484513,2.7403818,9.660323738,31,21.33967626,0,Fake
0.001835387,2.9935536,0.000119752,0.000445736,0.000285868,0.000101195,5.973011,8.969352538,31,22.03064746,0,Fake
0.000658874,4.1819436,0.000234537,0.000255015,0.00025911,6.919623,3.0601932,14.16316734,31,16.83683266,0,Fake
0.01124437,3.329954,0.000435009,0.000746338,0.004084331,8.1957376,0.000111529,11.54231318,31,19.45768682,0,Fake
0.000786081,2.7962637,0.000164825,0.00010872,0.000242968,6.2197294,3.059461,12.07675669,31,18.92324331,0,Fake
0.06435065,7.080909,0.000531574,0.004600233,0.016226055,0.001343835,7.292906,14.46086735,31,16.53913265,0,Fake
0.07004792,0.000289306,0.000908206,0.07687329,0.005670371,0.000600682,0.001002639,0.155392414,31,30.84460759,0,Fake
0.001357918,1.490332,0.00010766,0.000165855,0.000301262,3.6083147,1.883277,6.983856395,31,24.0161436,0,Fake
0.001713474,3.4192366,0.000208631,0.00012921,0.00025426,0.000297938,4.4032626,7.825102713,31,23.17489729,0,Fake
0.07938601,0.000226078,0.00040204,0.001325096,0.001328296,0.041239858,0.000847078,0.124754455,31,30.87524555,0,Fake
0.00286391,5.896541,0.000318571,0.000624378,0.001256185,6.169695,6.758612,18.82991104,31,12.17008896,1,Fake
0.000718563,2.1700522,0.000134155,0.000118407,0.000262636,3.7750826,2.0668846,8.013253162,31,22.98674684,0,Fake
0.000653092,2.463512,9.814282,0.000133284,0.000156114,6.464064,2.8393573,21.58215779,31,9.417842211,1,Fake
0.008979384,5.632654,0.000311856,0.000966332,0.000517633,0.001126485,9.910178,15.55473369,31,15.44526631,1,Fake
0.000862844,2.8619945,0.000209154,0.000105939,0.000357366,5.843842,3.6048754,12.3122472,31,18.6877528,0,Fake
0.000354443,3.8829705,0.000208454,0.000136056,0.000302074,5.0711118,2.6888945,11.64397783,31,19.35602217,0,Fake
0.000706729,2.2780589,0.000132529,0.000116541,0.00023059,4.1690422,2.2641261,8.712413589,31,22.28758641,0,Fake
0.003045943,3.8492653,0.000135882,0.000144347,0.000512756,0.00012753,5.7927693,9.646001059,31,21.35399894,0,Fake
0.002600521,6.5302964,0.000435303,0.000598686,0.000391679,0.00032184,7.071948,13.60659243,31,17.39340757,0,Fake
0.000463763,1.9507626,0.000104108,9.843131,0.00018131,2.7703576,2.2943188,16.85931918,31,14.14068082,1,Fake
0.000300322,3.2011223,0.000167475,8.320783,0.000170838,4.3834454,3.0415204,18.94750974,31,12.05249026,1,Fake
0.006930882,0.000262303,0.000555242,0.002490865,0.001179716,0.001942563,0.000414796,0.013776366,31,30.98622363,0,Fake
0.013887613,3.3983863,0.000200683,0.001264417,0.000873859,0.000243228,0.000499724,3.415355824,31,27.58464418,0,Fake
0.47202584,0.000979398,0.001200278,0.009806006,0.003347261,0.41777825,0.001620328,0.906757362,31,30.09324264,0,Fake
0.001196436,7.002646,0.000518116,0.000307998,0.000375786,0.000160468,4.6805082,11.685713,31,19.314287,0,Fake
0.001184941,1.4255822,0.000102125,0.000104664,0.000428233,2.6127078,2.4448658,6.484975763,31,24.51502424,0,Fake
0.000918664,1.49747675,0.000130226,9.7188866,0.000318735,2.135509,2.5166144,15.86985437,31,15.13014563,1,Fake
0.000463109,3.933013,0.000166022,0.000122333,0.000161922,7.5452204,3.3780943,14.85724109,31,16.14275891,0,Fake
0.001132852,4.4589982,0.000307947,0.000168971,0.00025909,7.1729635,4.5870514,16.22088196,31,14.77911804,1,Fake
0.005058491,4.315872,0.000256467,0.000197123,0.000803662,0.000776418,7.362237,11.68520116,31,19.31479884,0,Fake
0.024437394,9.690181,0.000240375,0.001054646,0.001158073,0.006535811,0.000106623,9.723713921,31,21.27628608,0,Fake
0.04962046,2.9403509,0.000386156,0.003891413,0.014929467,0.000255747,0.000154559,3.009588701,31,27.9904113,0,Fake
0.000450906,1.859894,0.000129289,0.000102848,0.000222752,2.2989663,1.7770637,5.936829795,31,25.0631702,0,Fake
0.000383272,3.2781325,0.00016826,0.00013071,0.000186075,4.40236,2.925259,10.60661982,31,20.39338018,0,Fake
0.005865341,2.3381774,0.000496941,0.000107984,0.002774399,6.161393,5.9280177,14.43683277,31,16.56316723,0,Fake
0.001357107,1.494562,0.000147164,6.8131245,0.000552568,2.40905,2.5312918,13.25008514,31,17.74991486,0,Fake
0.00046064,3.8418937,0.000244185,0.000123515,0.000252827,4.703036,2.6122942,11.15830507,31,19.84169493,0,Fake
0.000196039,0.000103673,0.000799594,0.00017656,0.000584837,7.322432,5.77913,13.1034227,31,17.8965773,0,Fake
0.023401907,5.7621535,0.000181872,0.002053952,0.001275485,0.00197276,0.000168999,5.791208474,31,25.20879153,0,Fake
0.001902346,1.776557,0.000154781,0.000114409,0.00056555,5.4068907,2.6989497,9.885134486,31,21.11486551,0,Fake
0.33200407,0.000582786,0.003701213,0.002473256,0.006386048,0.00097491,0.48801073,0.834133012,31,30.16586699,0,Fake
0.038694113,9.562013,0.001843157,0.000320783,0.003863341,0.002390392,0.000818058,9.609942844,31,21.39005716,0,Fake
0.000529117,2.6401112,0.000165517,0.000115566,0.000259847,3.3834785,2.2300072,8.254666947,31,22.74533305,0,Fake
0.001902943,2.3724984,0.000181983,0.000180697,0.000582089,4.386745,2.1634152,8.925506312,31,22.07449369,0,Fake
0.003707866,1.447275,0.00018575,7.697724,0.001676594,4.0919,2.667914,15.91038321,31,15.08961679,1,Fake
0.003822798,4.8477494,0.000541876,7.862279,0.001140886,0.000337389,0.000170783,12.71604213,31,18.28395787,0,Fake
0.001311461,1.7239989,0.000139725,0.000162107,0.000404717,3.9814982,1.9696956,7.677210709,31,23.32278929,0,Fake
0.000583829,4.606493,0.000266131,0.000145704,0.00020805,7.395582,3.585812,15.58909071,31,15.41090929,1,Fake
0.001477685,2.9431281,0.000285217,0.000106387,0.000669748,4.3695432,4.832891,12.14810134,31,18.85189866,0,Fake
0.000922064,5.3018015,0.000286441,0.00027498,0.000468394,4.920355,3.8916187,14.11572708,31,16.88427292,0,Fake
0.000419797,2.3254132,0.000132714,9.518527,0.000180967,3.533107,2.3092522,17.68703288,31,13.31296712,1,Fake
0.001634431,1.8099103,0.000140963,0.000144134,0.00031259,6.240345,3.4401262,11.49261362,31,19.50738638,0,Fake
0.001074943,1.9958632,0.000119809,0.000153876,0.000352056,3.9570154,3.173127,9.127706283,31,21.87229372,0,Fake
0.00139167,3.133126,0.00011327,0.00061252,0.000136921,8.2938095,3.023948,14.45313788,31,16.54686212,0,Fake
0.028350336,1.562594,0.000138671,0.000320458,0.014399176,6.197043,3.4174504,11.22029604,31,19.77970396,0,Fake
0.005665292,4.8741258,0.000139198,0.000996867,0.00029725,0.000887706,5.3779033,10.26001541,31,20.73998459,0,Fake
0.000398439,2.3921502,0.000120449,0.000124369,0.000170593,4.2146614,2.7351836,9.342809049,31,21.65719095,0,Fake
0.000335525,3.603868,0.000196764,0.000151547,0.000246478,4.494548,2.6539723,10.75331861,31,20.24668139,0,Fake
0.001015067,2.178261,0.000158184,0.000156866,0.000263539,4.1883533,2.231424,8.599631957,31,22.40036804,0,Fake
0.000527796,3.1303363,0.000178592,0.000125825,0.000262949,5.715036,3.4030723,12.24953976,31,18.75046024,0,Fake
0.085425295,6.11459,0.000633441,0.037600216,0.004918805,0.000508845,0.000147995,6.243824598,31,24.7561754,0,Fake
0.00074822,7.690482,0.000378574,0.000158151,0.000269954,0.000117903,9.434775,17.1269298,31,13.8730702,1,Fake
0.000705973,3.329887,0.000259793,0.000106755,0.000313833,6.869353,4.4777174,14.67834375,31,16.32165625,0,Fake
0.000757615,1.6487731,0.000121624,9.645947,0.000308017,3.157322,1.946418,16.39964736,31,14.60035264,1,Fake
0.000549411,2.2633165,0.000165374,9.3581555,0.000219015,3.4436056,2.1654856,17.231497,31,13.768503,1,Fake
0.00127733,1.7085025,0.00010506,0.0001057,0.000445013,4.2114352,2.440775,8.362645803,31,22.6373542,0,Fake
0.001216548,2.4189307,0.000117949,0.00023568,0.000260136,0.000103689,2.79768,5.218544702,31,25.7814553,0,Fake
0.000930403,3.1192212,0.000177962,0.000199797,0.000364413,5.2498202,3.0217714,11.39248537,31,19.60751463,0,Fake
0.0017434,3.921082,0.000230011,0.000197199,0.000229175,0.00021285,8.5443164,12.46801104,31,18.53198896,0,Fake
0.000435213,1.8341249,0.000127319,7.445527,0.000217692,2.8996676,2.1311209,14.31122062,31,16.68877938,0,Fake
0.007383411,2.5034895,0.000197226,0.000342975,0.001307513,0.000276352,8.535749,11.04874598,31,19.95125402,0,Fake
0.019364258,5.1951574,0.000176022,0.00131715,0.000676131,0.004247589,9.1032576,14.32419615,31,16.67580385,0,Fake
0.001388094,3.2914144,0.000175461,0.000196505,0.000263246,0.000207559,3.358382,6.652027264,31,24.34797274,0,Fake
0.006704371,2.5117302,0.000135395,0.003321913,0.000466032,0.000119036,3.933816,6.456292948,31,24.54370705,0,Fake
0.00160648,1.2531944,0.00010425,0.000140097,0.000532375,2.7304663,1.5810387,5.567082602,31,25.4329174,0,Fake
0.000950973,2.2934984,0.000140429,0.000109171,0.000338727,5.3407024,2.6361738,10.2719139,31,20.7280861,0,Fake
0.000411453,3.6700494,0.000168506,0.000143125,0.000181253,5.0313334,2.6233038,11.32559094,31,19.67440906,0,Fake
0.38853192,7.118674,0.000843825,0.01119198,0.30205074,0.000508215,0.000156211,7.821956892,31,23.17804311,0,Fake
0.000584684,2.3768758,0.000125771,0.000115318,0.000209789,3.556286,2.4267149,8.360912262,31,22.63908774,0,Fake
0.000869579,1.6654121,0.000109433,6.978314,0.0002724,3.1079617,2.1651946,13.91813381,31,17.08186619,0,Fake
0.001240918,2.243071,0.00010102,0.000481,0.000171372,4.0882765,1.898308,8.23164981,31,22.76835019,0,Fake
0.000513964,4.0224175,0.000252488,9.654919,0.000248169,6.324554,4.1012132,24.10411832,31,6.895881679,1,Fake
0.008391906,2.997536,0.000174704,0.005139019,0.000884119,0.000121337,6.0139282,9.026175284,31,21.97382472,0,Fake
0.000602178,3.4864297,0.00017264,0.000121682,0.000178795,8.969456,5.2829815,17.7399425,31,13.2600575,1,Fake
0.00040162,2.527717,0.00018235,7.9182806,0.000272201,3.604143,2.3083758,16.35937257,31,14.64062743,1,Fake
0.003712219,2.8013239,0.000153468,0.000202578,0.00114459,0.000168636,5.427477,8.234182391,31,22.76581761,0,Fake
0.000433082,3.7822247,0.000175505,0.000144442,0.0001805,6.601033,3.113037,13.49722823,31,17.50277177,0,Fake
0.000496875,2.7292375,0.000129681,0.00015228,0.000185973,4.54242,2.4305687,9.703191009,31,21.29680899,0,Fake
0.000875813,1.9261412,0.000138941,8.511145,0.000258215,4.377985,2.7647968,17.58134097,31,13.41865903,1,Fake
0.000530454,2.0256946,0.0001295,9.18032,0.000255094,3.1789878,2.1610274,16.54694485,31,14.45305515,1,Fake
0.00054837,3.3221164,0.000159403,0.00016786,0.000163438,6.541515,2.911305,12.77597547,31,18.22402453,0,Fake
0.000478518,2.4721894,0.000160225,9.317418,0.000227828,3.94107,2.615475,18.34701897,31,12.65298103,1,Fake
0.000694633,2.1236994,0.000158953,9.7239674,0.000279374,3.476208,2.4604973,17.78550506,31,13.21449494,1,Fake
0.000317366,3.4923698,0.000172328,0.000114576,0.000180315,5.054137,2.7738157,11.32110708,31,19.67889292,0,Fake
0.000363291,4.368227,0.000310446,0.000108974,0.000271488,5.2876945,3.900164,13.5571397,31,17.4428603,0,Fake
0.001284935,3.192379,0.000227796,0.000143242,0.000416817,7.218864,4.259459,14.67277479,31,16.32722521,0,Fake
0.000655596,2.5035994,0.00014925,0.000148131,0.000235904,4.859279,2.8148825,10.17894978,31,20.82105022,0,Fake
0.000508001,3.961652,0.000286793,0.000130134,0.000390803,5.269773,3.4143555,12.64709623,31,18.35290377,0,Fake
0.000586662,0.000113821,0.000722221,0.000254669,0.000640403,0.000140687,7.8386816,7.841140064,31,23.15885994,0,Fake
0.00050295,3.155197,0.000123149,0.000155289,0.000140064,5.5764398,3.1678992,11.90045745,31,19.09954255,0,Fake
0.001823863,0.000143715,0.001615985,0.000240149,0.002198598,0.000233591,0.000112876,0.006368777,31,30.99363122,0,Fake
0.5862881,0.000146993,0.002580146,0.000898257,0.44022214,0.000525365,0.00105777,1.031718771,31,29.96828123,0,Fake
0.000934411,2.7781729,0.00016754,0.000117857,0.00026339,8.412831,2.8846634,14.0771505,31,16.9228495,0,Fake
0.00087806,2.6508815,0.000210987,8.640706,0.000326821,5.1599534,4.6377972,21.09075397,31,9.909246031,1,Fake
0.00381261,1.8921179,0.000124526,0.000108804,0.001520053,6.844153,2.7414822,11.48331909,31,19.51668091,0,Fake
0.024154969,0.000171327,0.000331185,0.000625418,0.000785936,0.019909611,0.00019489,0.046173335,31,30.95382666,0,Fake
0.10313863,0.000140549,0.007581438,0.001088044,0.043834526,0.001000474,0.002008542,0.158792203,31,30.8412078,0,Fake
0.000846746,1.5919546,9.799824,6.4142405,0.00031722,3.4105284,2.321518,23.53922947,31,7.460770535,1,Fake
0.000577999,2.2761955,0.00013597,8.7387336,0.000249114,4.2064377,2.5753494,17.79767928,31,13.20232072,1,Fake
0.000714455,0.000160202,0.001255244,0.000309655,0.000927748,0.000178526,7.523888,7.527433831,31,23.47256617,0,Fake
0.002914192,2.7045538,0.000483735,0.000119086,0.000799344,3.17853,4.5902634,10.47766356,31,20.52233644,0,Fake
0.000753863,1.774366,0.000138737,7.9695805,0.00030584,3.1920263,2.1599972,15.09716844,31,15.90283156,0,Fake
0.000325399,9.509355,0.00074669,0.000174962,0.000646254,9.5831354,6.9590424,26.0534261,31,4.946573895,1,Fake
0.000514629,2.4854437,0.000147181,0.000123966,0.000188234,5.196589,2.5948297,10.27783641,31,20.72216359,0,Fake
0.000841633,3.063934,0.000151965,0.000203626,0.00022399,6.9626134,3.3690187,13.39698731,31,17.60301269,0,Fake
0.016729018,0.000572963,0.001868972,0.001412001,0.006311532,0.001141183,0.002610669,0.030646338,31,30.96935366,0,Fake
0.000537936,2.4993507,0.000125016,8.613764,0.00021568,4.7519232,2.3509465,18.21686303,31,12.78313697,1,Fake
0.000575475,1.658078,9.769602,8.9595145,0.000249077,2.8328282,1.745244,24.96609125,31,6.033908748,1,Fake
0.000814393,1.4283421,9.674504,0.000126379,0.000245738,2.7744029,2.338463,16.21689851,31,14.78310149,1,Fake
0.001304753,3.1784755,0.000116313,0.000354572,0.000205627,8.800064,3.5613262,15.54184696,31,15.45815304,1,Fake
0.000692872,1.7356157,0.000136768,9.2797956,0.000329761,2.2707796,1.8083163,15.0956666,31,15.9043334,0,Fake
0.019321527,0.000121601,0.000412595,0.000543112,0.001482144,0.010147697,0.000178162,0.032206837,31,30.96779316,0,Fake
0.013974732,5.6546876,0.001054195,0.000335367,0.005173706,0.000221351,0.000899482,5.676346433,31,25.32365357,0,Fake
0.3849742,0.00408504,0.013637124,0.005865814,0.007637839,0.006890891,0.53784317,0.960934078,31,30.03906592,0,Fake
0.000363212,6.5001695,0.000344247,0.000174266,0.000280208,7.58743,3.662773,17.75153443,31,13.24846557,1,Fake
0.001060909,3.0523326,0.000157023,0.000154713,0.000214479,8.700734,3.9910814,15.74573512,31,15.25426488,1,Fake
0.000737225,2.8667311,0.000113864,0.000152304,0.000174654,6.531436,3.0294492,12.42879435,31,18.57120565,0,Fake
0.000898134,1.5891515,0.000105085,9.328682,0.000277099,2.8712675,3.3264627,17.11684402,31,13.88315598,1,Fake
0.001277066,1.5126451,9.364654,0.000180911,0.000308939,3.6523128,1.8658007,16.39717952,31,14.60282048,1,Fake
0.001117303,5.9602768,0.000235819,0.000193213,0.000202271,0.000193839,0.000112038,5.962331282,31,25.03766872,0,Fake
0.002627096,9.5361516,0.000894696,0.000210475,0.001196495,0.000297531,0.000154164,9.541532057,31,21.45846794,0,Fake
0.009184971,5.055313,0.000411694,0.000402942,0.000486435,0.000524878,0.000540851,5.066864771,31,25.93313523,0,Fake
0.010669359,0.000258891,0.004164478,0.001243965,0.00672619,0.000279489,0.000564297,0.023906669,31,30.97609333,0,Fake
0.001007662,1.6086198,0.000102354,0.000154973,0.000324774,2.8369512,1.6420603,6.089221063,31,24.91077894,0,Fake
0.004652327,1.3235175,7.60604,0.000260879,0.001588734,5.8814738,2.0025476,16.82008084,31,14.17991916,1,Fake
0.000677787,1.5058228,0.000100846,8.7742636,0.000255448,2.6717356,1.7908815,14.74373758,31,16.25626242,0,Fake
0.00217029,1.7062996,0.00017668,8.7550994,0.000942866,3.6190944,2.691034,16.77481724,31,14.22518276,1,Fake
0.000962605,1.4351855,9.135739,0.000160126,0.000311091,2.94654,1.6093732,15.12827152,31,15.87172848,0,Fake
0.000939012,2.6715012,9.342293,0.000149247,0.000314904,6.1655126,2.7338352,20.91454516,31,10.08545484,1,Fake
0.000451505,1.958504,0.000117722,7.952097,0.000183177,3.236737,2.158986,15.3070764,31,15.6929236,0,Fake
0.002245079,5.0943094,0.000210552,0.000213993,0.000324321,0.000449166,0.000135091,5.097887602,31,25.9021124,0,Fake
0.001991702,3.2169133,0.000301918,0.000177754,0.000438442,0.000135349,0.000119636,3.220078102,31,27.7799219,0,Fake
0.000630747,2.4013203,0.000163813,9.28949,0.000246812,4.9911338,3.8629925,20.54597797,31,10.45402203,1,Fake
0.000855618,3.487444,0.000126898,0.000167312,0.000118343,0.000190278,7.978181,11.46708345,31,19.53291655,0,Fake
0.001155539,3.2903317,0.000184585,0.000107972,0.000283185,0.000132863,6.054467,9.346662844,31,21.65333716,0,Fake
0.000863888,4.1674484,0.000179292,0.000107849,0.000182089,0.000139008,9.81665,13.98557053,31,17.01442947,0,Fake
0.001493585,4.170581,0.000214804,0.000314043,0.000349005,7.0532114,3.6745423,14.90070614,31,16.09929386,0,Fake
0.012633821,4.7821355,0.000236116,0.00031852,0.001323656,0.00110449,9.290385,14.0881371,31,16.9118629,0,Fake
0.002321595,3.1141564,0.000131465,0.000447551,0.000281546,0.000167078,3.534243,6.651748634,31,24.34825137,0,Fake
0.002250324,3.0031097,0.000224357,8.5527456,0.000397989,4.8694706,0.000356397,16.42855497,31,14.57144503,1,Fake
0.12379818,4.7679056,0.000402372,0.029437942,0.032579944,0.000322022,7.033035,11.98748106,31,19.01251894,0,Fake
0.009127112,3.788571,0.000402995,0.000217971,0.001507965,0.00019903,6.295976,10.09600207,31,20.90399793,0,Fake
0.001380792,3.4015895,0.000129834,0.000133902,0.000297072,0.000225789,3.858052,7.261808888,31,23.73819111,0,Fake
0.000562539,4.632325,0.000291879,0.000152069,0.000359909,6.733825,2.7093709,14.0768873,31,16.9231127,0,Fake
0.000525248,2.1206737,0.000143677,9.1025286,0.000237239,3.532339,1.9819849,16.73843236,31,14.26156764,1,Fake
0.01169248,3.2739306,0.000560598,0.000257957,0.005163779,3.4904384,2.4317209,9.213764714,31,21.78623529,0,Fake
0.001155073,2.9699386,0.000251808,0.000114205,0.000293773,5.8276702,3.7304097,12.52983336,31,18.47016664,0,Fake
0.002317069,2.3535376,0.000188895,0.000258376,0.000478815,9.4054005,2.9953359,14.75751715,31,16.24248285,0,Fake
0.025898978,2.2489183,0.000216551,0.007919154,0.00395135,0.000163073,4.447231,6.734298406,31,24.26570159,0,Fake
0.003764416,3.2526288,0.000557428,0.00014805,0.000677361,0.000102129,0.000295872,3.258174055,31,27.74182594,0,Fake
0.000803064,4.1809308,0.000214695,9.185232,0.000217821,0.000116766,6.013636,19.38115115,31,11.61884885,1,Fake
0.000469405,1.9256895,0.000125507,8.608147,0.000192027,3.03885,1.9508687,15.52434214,31,15.47565786,1,Fake
0.000406148,2.1345582,0.000112768,9.049233,0.000169108,3.212358,2.5235599,16.92039712,31,14.07960288,1,Fake
0.000793655,3.3521104,0.000286259,8.627574,0.00029471,6.1963925,6.83718,25.01463152,31,5.985368477,1,Fake
0.000469405,1.9256895,0.000125507,8.608147,0.000192027,3.03885,1.9508687,15.52434214,31,15.47565786,1,Fake
0.000762675,2.244543,0.000168463,8.5133455,0.00023868,4.3108495,3.535443,18.60535082,31,12.39464918,1,Fake
0.001861393,4.9965296,0.00028678,0.000139514,0.000383354,0.000335828,0.000197155,4.999733624,31,26.00026638,0,Fake
0.000476932,2.5051853,0.000157829,8.561191,0.000220613,4.2236297,2.6465772,17.93743857,31,13.06256143,1,Fake
0.007771449,7.313193,0.00023579,0.000402967,0.000531484,0.002387458,9.457537,16.78205915,31,14.21794085,1,Fake
0.000501038,0.000126237,0.000633827,0.000377067,0.000340457,0.000126273,7.350864,7.3529689,31,23.6470311,0,Fake
0.023955012,0.000151501,0.000232227,0.001032269,0.000690671,0.015161291,0.00019882,0.041421791,31,30.95857821,0,Fake
0.001057964,6.810844,0.000609312,0.000238902,0.000674159,7.870102,5.5999033,20.28342964,31,10.71657036,1,Fake
0.000652558,2.2732736,0.000145973,9.459025,0.000252341,4.4093427,2.770535,18.91322717,31,12.08677283,1,Fake
0.00063492,2.9987283,0.0001893,0.0001031,0.000211737,7.300887,3.8874274,14.18818176,31,16.81181824,0,Fake
0.001018642,3.0152052,0.000168196,9.316823,0.000248688,0.000143169,6.7113935,19.0450004,31,11.9549996,1,Fake
0.000346173,4.3742042,0.000297229,0.000110949,0.000337482,5.0271035,3.526348,12.92874753,31,18.07125247,0,Fake
0.00215173,3.2205662,0.000159907,0.000217577,0.000289531,0.000163407,5.6242647,8.847813052,31,22.15218695,0,Fake
0.13004711,0.000419514,0.04859208,0.000472113,0.008316238,0.00050083,0.00082605,0.189173934,31,30.81082607,0,Fake
0.014951426,2.7014425,0.000135059,0.00158088,0.000814586,0.000855297,7.729625,10.44940475,31,20.55059525,0,Fake
0.000689639,3.7392565,0.0001815,0.000145325,0.00023288,7.6806464,4.70786,16.12901224,31,14.87098776,1,Fake
0.002512767,2.0280007,0.000150364,0.000103324,0.000787948,6.274184,6.138163,14.4439021,31,16.5560979,0,Fake
0.000504466,3.6241297,0.000182956,0.000126663,0.000196245,8.319823,3.4125685,15.35753153,31,15.64246847,0,Fake
0.003443709,7.9902784,0.000514049,0.000237193,0.000672388,0.000292805,0.000462667,7.995901212,31,23.00409879,0,Fake
0.00046819,2.5578292,0.000170045,0.000101666,0.000220411,3.8825186,2.1843496,8.625657712,31,22.37434229,0,Fake
0.00903445,1.4605608,0.000207209,9.241284,0.003524517,6.5520784,3.895135,21.16182438,31,9.838175624,1,Fake
0.042200655,0.000145927,0.006055008,0.000178029,0.004601704,0.000582293,0.001639062,0.055402678,31,30.94459732,0,Fake
0.001092317,5.271,0.000205505,0.000244541,0.000194145,0.000174674,4.272131,9.545042183,31,21.45495782,0,Fake
0.000931466,3.187962,0.000128581,0.00014459,0.000158013,0.000138853,4.1319356,7.321399103,31,23.6786009,0,Fake
0.000285415,7.188967,0.000518744,0.000151998,0.000433452,6.1869454,4.978456,18.35575801,31,12.64424199,1,Fake
0.000443721,3.7252157,0.000153748,0.000125552,0.000192224,8.3529405,3.271253,15.35032445,31,15.64967555,0,Fake
0.001603989,3.746442,0.000134526,0.000272042,0.000247726,0.000179046,2.9144883,6.66336763,31,24.33663237,0,Fake
0.002354124,3.0880874,0.000151447,0.00017764,0.00061163,0.000176512,4.27242,7.363978754,31,23.63602125,0,Fake
0.006245111,0.000633064,0.001006047,0.000954199,0.002396946,0.001874354,0.000697603,0.013807324,31,30.98619268,0,Fake
0.5844296,0.001317387,0.003079399,0.59961176,0.05329033,0.00445232,0.002213759,1.248394555,31,29.75160545,0,Fake
0.000708381,2.872338,0.000131185,0.000120652,0.000176654,7.337362,4.478674,14.68951087,31,16.31048913,0,Fake
0.000574488,2.3638328,0.000153209,0.000101042,0.000268198,4.1158706,2.3455832,8.826383538,31,22.17361646,0,Fake
0.000486446,6.552678,0.000470353,0.000140784,0.000414667,8.609214,4.1585237,19.32192795,31,11.67807205,1,Fake
0.004145982,4.037844,0.000221132,0.000751191,0.001147187,0.000143602,3.366944,7.411197093,31,23.58880291,0,Fake
0.000372212,8.31225,0.000451543,0.000189033,0.000331508,0.000111677,5.8550046,14.16871057,31,16.83128943,0,Fake
0.003385651,5.1171206,0.00049489,0.000203203,0.000903657,0.000355083,0.000217946,5.122681029,31,25.87731897,0,Fake
0.030950611,5.93741,0.000680458,0.001229121,0.002384211,0.001382876,0.000128776,5.974166054,31,25.02583395,0,Fake
0.012414323,6.801543,0.001313243,0.00018657,0.002446475,0.000733082,0.001399758,6.82003645,31,24.17996355,0,Fake
0.000519461,2.1113648,0.000142997,8.0019454,0.000256383,2.802524,2.1637887,15.08054174,31,15.91945826,0,Fake
0.002546682,3.0629144,0.000112206,0.00015409,0.000555801,0.000158466,4.2759904,7.342432045,31,23.65756795,0,Fake
0.001025903,2.4016821,0.000156871,0.000178067,0.000230503,6.582301,4.4090775,13.39465194,31,17.60534806,0,Fake
0.000345538,2.2883512,0.00010625,9.146765,0.000144094,4.01902,2.414517,17.86924908,31,13.13075092,1,Fake
0.007889252,2.5464073,9.373624,0.001403336,0.000585468,0.000482804,4.4316046,16.36199676,31,14.63800324,1,Fake
0.006814399,5.1411218,0.000225856,0.000868342,0.000866863,0.000372674,0.0001472,5.150417135,31,25.84958287,0,Fake
0.001059588,1.9841842,0.000101417,0.000106597,0.000318098,7.2427145,2.7088827,11.9373671,31,19.0626329,0,Fake
0.00090573,2.533364,0.000148613,0.000197946,0.000264386,6.7347755,2.408478,11.67813417,31,19.32186583,0,Fake
0.054373164,7.371067,0.001074057,0.003738044,0.006699172,0.000820047,0.000700117,7.438471601,31,23.5615284,0,Fake
0.001172886,4.0961437,0.000239363,9.952254,0.000277237,0.000165508,0.000102003,14.0503547,31,16.9496453,0,Fake
0.000316712,4.2014344,0.000213335,0.000107976,0.00022888,6.007732,3.3070894,13.5171227,31,17.4828773,0,Fake
0.046130374,0.000160861,0.000526452,0.001048666,0.000864387,0.023265963,0.000718582,0.072715284,31,30.92728472,0,Fake
0.64681596,0.002234596,0.006007604,0.01711827,0.005990143,0.002512483,0.6920968,1.372775856,31,29.62722414,0,Fake
0.000738527,1.8983099,0.00011222,0.000129912,0.000284322,3.2196265,1.6604183,6.779619681,31,24.22038032,0,Fake
0.001931988,5.941867,0.00033479,0.000160687,0.000522291,0.000391718,8.076683,14.02189147,31,16.97810853,0,Fake
0.001122541,3.7387897,0.000217136,9.7943586,0.000496597,9.619951,6.424323,29.57925857,31,1.420741426,1,Fake
0.000991961,3.245778,0.00023998,0.000196053,0.000362682,4.96332,2.7136919,10.92458057,31,20.07541943,0,Fake
0.000555625,2.0916168,0.000124628,9.2862574,0.000220381,3.7415786,2.2037751,17.32412853,31,13.67587147,1,Fake
0.002029008,1.2588816,8.721293,0.000162055,0.000517285,2.4735404,2.2337339,14.69015725,31,16.30984275,0,Fake
0.014029563,6.950401,0.000309977,0.001800136,0.003316996,0.000174635,8.758121,15.72815331,31,15.27184669,1,Fake
0.004209407,2.8148665,0.000155564,0.000122296,0.000895594,0.000207936,5.755151,8.575608297,31,22.4243917,0,Fake
0.000543007,4.3337674,0.000235825,0.00013938,0.000249272,8.608918,4.5889243,17.53277718,31,13.46722282,1,Fake
0.000704426,1.8698283,0.000115766,9.518809,0.000266035,3.9086495,2.0355728,17.33394583,31,13.66605417,1,Fake
0.004465992,0.000809926,0.009775846,0.001406404,0.008047891,0.000754121,0.000407542,0.025667722,31,30.97433228,0,Fake
0.043928873,4.5321605,0.000364565,0.000472942,0.013131117,0.002019017,0.00022477,4.592301783,31,26.40769822,0,Fake
0.000843584,2.074058,0.000128175,0.0001338,0.000257921,5.0650564,2.0039442,9.14442208,31,21.85557792,0,Fake
0.000774912,2.4189398,0.000120409,0.000100027,0.000229863,7.852201,2.9713605,13.24372651,31,17.75627349,0,Fake
0.001434642,6.070018,0.000490909,0.000138324,0.0004977,0.000159246,0.000138722,6.072877543,31,24.92712246,0,Fake
0.002953562,2.1679114,0.00014266,0.000167262,0.000645083,7.943374,3.62404,13.73923397,31,17.26076603,0,Fake
0.002692317,5.977929,0.000168402,0.000434313,0.000201926,0.000919942,8.6236425,14.6059884,31,16.3940116,0,Fake
0.004605277,2.2169708,0.000115393,0.000122612,0.001732486,0.000107266,4.7538993,6.977553134,31,24.02244687,0,Fake
0.000781406,2.1805408,0.000127574,0.000105318,0.000305945,2.6008622,2.0258434,6.808566643,31,24.19143336,0,Fake
0.000895726,1.9301111,0.000109116,0.000150736,0.000232459,5.0746046,2.1377627,9.143866437,31,21.85613356,0,Fake
0.000377132,2.3868499,0.00013494,9.602922,0.000194128,3.8272156,2.3684383,18.186132,31,12.813868,1,Fake
0.000510819,3.5088342,0.000179156,0.000144865,0.000176656,5.771436,4.4746866,13.7559683,31,17.2440317,0,Fake
0.111720406,4.7427147,0.000528612,0.018804004,0.029437711,0.000586219,0.000142897,4.903934548,31,26.09606545,0,Fake
0.000610574,3.116872,0.000165407,0.000122809,0.000202373,5.3807507,3.39482,11.89354386,31,19.10645614,0,Fake
0.000488544,2.489175,0.000154392,9.8454024,0.000210746,3.8293074,2.4491455,18.61388398,31,12.38611602,1,Fake
0.005775872,2.4253797,0.000168724,0.000135943,0.00143717,0.000203273,4.5697794,7.002880082,31,23.99711992,0,Fake
0.006344959,4.423958,0.000149586,0.000328977,0.000651692,0.000735907,7.229066,11.66123512,31,19.33876488,0,Fake
0.000567465,1.9494033,0.000116641,0.000106712,0.000219099,3.16996,1.864033,6.984406217,31,24.01559378,0,Fake
0.00767736,3.7901864,0.000536453,0.000132473,0.0035781,0.000149354,0.000105525,3.802365665,31,27.19763433,0,Fake
0.000475967,3.2924127,0.00011906,9.867424,0.000164616,6.947776,3.580246,23.68861834,31,7.311381657,1,Fake
0.000440229,2.1402942,0.000126212,8.260328,0.000195574,3.2687985,2.3054698,15.97565251,31,15.02434749,1,Fake
0.000435901,3.5414898,0.000207426,0.00011575,0.000200532,5.5632994,3.5611767,12.66692551,31,18.33307449,0,Fake
0.000595244,3.1412634,0.00028247,7.8371275,0.000296613,4.5890727,4.0044328,19.57307073,31,11.42692927,1,Fake
0.002578602,1.5021826,0.000115444,0.000217877,0.000497208,3.189762,1.743281,6.438634732,31,24.56136527,0,Fake
0.021199267,2.3374952,0.000141566,0.004297133,0.002158589,0.000104157,4.5064273,6.871823212,31,24.12817679,0,Fake
0.000951542,7.434395,0.000430492,0.00018301,0.000310506,0.000203702,7.903238,15.33971225,31,15.66028775,0,Fake
0.000279107,0.000181923,0.001363606,0.000296395,0.00126361,0.000121011,9.754252,9.75775765,31,21.24224235,0,Fake
0.000997044,1.7573575,0.000128602,0.000100963,0.000367339,3.0257275,1.9182424,6.702921348,31,24.29707865,0,Fake
0.000532559,1.8444967,0.000114229,9.345938,0.000187729,3.123326,2.3914818,16.70607702,31,14.29392298,1,Fake
0.001636765,1.1544417,9.310126,8.4032334,0.000489778,3.7810383,2.23536,24.88632594,31,6.113674057,1,Fake
0.006065931,4.2892556,0.000267501,8.2274826,0.001469404,0.000513162,0.000165598,12.5252198,31,18.4747802,0,Fake
0.006376803,2.1611286,0.000162833,0.000110654,0.002294077,8.654659,6.200483,17.02521497,31,13.97478503,1,Fake
0.001841435,1.5696853,0.00011657,0.000147665,0.000513126,3.627567,1.8600678,7.059938896,31,23.9400611,0,Fake
0.034347653,0.000156914,0.00027156,0.001161135,0.000771336,0.021094928,0.000324603,0.058128129,31,30.94187187,0,Fake
0.001368654,0.002739281,0.019309152,0.005007423,0.012299119,0.001015088,0.000450383,0.0421891,31,30.9578109,0,Fake
0.00059872,2.1291748,0.000139949,9.805143,0.000264738,3.2111817,2.0221163,17.16861921,31,13.83138079,1,Fake
0.000581988,3.5177465,0.000178965,0.000141128,0.000223949,6.354903,5.277775,15.15155053,31,15.84844947,0,Fake
0.000894431,3.0117913,0.000158891,0.000210702,0.000267694,8.074296,5.2012,16.28881902,31,14.71118098,1,Fake
0.014956026,4.649998,0.000114917,0.000440344,0.001699019,0.002406738,0.000188045,4.669803089,31,26.33019691,0,Fake
0.000903833,2.8985176,0.000100325,0.000218829,0.000183719,9.302246,3.3545537,15.55672401,31,15.44327599,1,Fake
0.00168026,3.1643845,0.000333282,9.624466,0.00072067,5.747013,4.0949602,22.63355791,31,8.366442088,1,Fake
0.000534412,0.00013401,0.000713866,0.00027657,0.00049147,0.000198368,9.4705065,9.472855197,31,21.5271448,0,Fake
0.060966372,0.000118509,0.000581456,0.002525635,0.001351045,0.013976441,0.000287544,0.079807001,31,30.920193,0,Fake
0.000563266,2.8994686,0.000131665,0.000149589,0.000157646,6.341367,2.5419406,11.78377837,31,19.21622163,0,Fake
0.002327505,2.1932898,0.000113635,0.000100028,0.000535803,0.000116535,3.246416,5.442899306,31,25.55710069,0,Fake
0.00078279,2.5209378,0.000149616,0.000163932,0.0002466,6.2591906,2.478265,11.25973634,31,19.74026366,0,Fake
0.004444006,3.5319317,0.000206717,0.00011648,0.000722652,0.000103176,0.000594436,3.538119168,31,27.46188083,0,Fake
0.000421363,2.9638864,0.000148654,0.000114297,0.000196398,4.5278408,2.3072138,9.799821712,31,21.20017829,0,Fake
0.000644649,1.6381955,0.000102278,8.811879,0.000284727,2.8331418,1.8242463,15.10849425,31,15.89150575,0,Fake
0.000868488,4.966663,0.000334767,0.000167973,0.000332741,9.472231,3.467755,17.90835297,31,13.09164703,1,Fake
0.001981714,2.5913354,0.000180576,0.000106137,0.000462568,0.00018375,5.185075,7.779325144,31,23.22067486,0,Fake
0.000765953,3.8743186,0.000282794,0.000159824,0.000394819,6.149911,3.2525328,13.27836579,31,17.72163421,0,Fake
0.001713961,8.730446,0.00097239,0.000203325,0.000947708,0.000175921,6.800882,15.53534131,31,15.46465869,1,Fake
0.000496399,2.3120043,0.000164637,9.492522,0.000281862,3.2586024,2.0948248,17.1588964,31,13.8411036,1,Fake
0.004273927,7.81652,0.000450938,0.000178317,0.000614599,0.000884031,0.000365763,7.823287575,31,23.17671243,0,Fake
0.000931165,1.8579474,0.000110674,0.000116994,0.000242883,5.1962572,2.0775777,9.133184017,31,21.86681598,0,Fake
0.000429105,2.203752,0.000118967,9.624401,0.000151096,3.925871,2.8145765,18.56929967,31,12.43070033,1,Fake
0.000612279,2.84847,0.000154793,0.000121037,0.000259134,4.5490782,2.4812614,9.879956843,31,21.12004316,0,Fake
0.000937827,1.7272605,0.000124838,9.70346,0.000360049,3.1623604,1.9577757,16.55227931,31,14.44772069,1,Fake
0.000619782,1.8009847,0.000105999,0.000105805,0.000185353,3.2299686,2.3000037,7.331973938,31,23.66802606,0,Fake
0.000981784,1.8598372,0.00015363,7.999047,0.000309677,4.960604,2.993388,17.81432129,31,13.18567871,1,Fake
0.000608651,5.683242,0.000330962,0.000149442,0.000263299,9.540227,4.853823,20.07864435,31,10.92135565,1,Fake
0.09087262,0.0002677,0.000409563,0.004996461,0.000915452,0.048616372,0.000268559,0.146346727,31,30.85365327,0,Fake
0.000835131,2.3642657,0.00013802,8.835809,0.000234054,8.4872045,4.6715188,24.36000521,31,6.639994795,1,Fake
0.000452788,2.1293494,0.000151185,7.428825,0.000205951,3.161549,2.4185778,15.13911112,31,15.86088888,0,Fake
0.000395003,2.6575359,0.000118209,0.000105919,0.000137931,4.4124976,2.4066367,9.477427262,31,21.52257274,0,Fake
0.003059999,3.1796033,0.000222467,0.000149763,0.000935215,0.000191117,6.427448,9.611609861,31,21.38839014,0,Fake
0.001321549,5.1363393,0.000283951,0.000242063,0.000490937,0.000118714,4.5458735,9.684670013,31,21.31532999,0,Fake
0.004396833,3.076694,0.000265313,0.000118314,0.001339639,0.00018951,8.3304054,11.41340901,31,19.58659099,0,Fake
0.000572947,2.5032723,0.000149493,0.000107134,0.000243179,4.597246,2.2740693,9.375660353,31,21.62433965,0,Fake
0.000349917,2.6421363,0.000152885,9.0642265,0.000166896,3.526311,2.5164485,17.749792,31,13.250208,1,Fake
0.000952824,1.9063684,0.000125967,7.149649,0.000292445,6.616991,3.7118294,19.38620904,31,11.61379096,1,Fake
0.000506161,8.619186,0.000851821,0.000272323,0.001075958,6.511293,4.5594974,19.69268266,31,11.30731734,1,Fake
0.000547923,3.572013,0.000173262,0.000128182,0.000182577,6.79543,4.0442068,14.41268174,31,16.58731826,0,Fake
0.007415604,1.4393165,0.000288534,0.000100509,0.003482751,3.299765,3.6016212,8.351990098,31,22.6480099,0,Fake
0.000961269,2.4869396,0.000168213,8.097458,0.000457341,3.8765436,2.8251503,17.28767832,31,13.71232168,1,Fake
0.95698524,0.030143367,0.9279956,0.006918971,0.107034296,0.01211711,0.025893152,2.067087736,31,28.93291226,0,Fake
0.020866783,0.000123893,0.000601321,0.000306866,0.000895374,0.008745132,0.000519207,0.032058576,31,30.96794142,0,Fake
0.000348595,5.5030574,0.000341267,0.000120531,0.000296843,7.2705676,4.7335245,17.50825674,31,13.49174326,1,Fake
0.026655722,7.584145,0.000398983,0.001363567,0.001973777,0.004276907,0.00020163,7.619015585,31,23.38098441,0,Fake
0.000943751,1.4466981,9.602006,9.882264,0.00034007,2.4363238,1.6808013,25.04937702,31,5.95062298,1,Fake
0.009099515,1.1643397,0.000162991,0.000113596,0.005223799,1.8301656,1.9051999,4.914305101,31,26.0856949,0,Fake
0.000483507,4.1257303,0.000338173,0.000114004,0.000374519,5.4494925,4.1513205,13.7278535,31,17.2721465,0,Fake
0.000433346,2.3495211,0.00015069,9.163929,0.000223431,3.6928235,2.2663382,17.47341927,31,13.52658073,1,Fake
0.000989359,2.2889253,0.000118859,8.34708,0.000361708,6.660039,3.365753,20.66326723,31,10.33673277,1,Fake
0.000325301,2.5279893,0.00014074,0.000110976,0.000189835,3.6321777,2.4403935,8.601327353,31,22.39867265,0,Fake
0.00265774,8.8284476,0.000843236,0.000224847,0.001261412,0.000244093,0.000162602,8.83384153,31,22.16615847,0,Fake
0.001370322,1.7097787,8.272372,0.000194747,0.000246196,6.952622,2.1509117,19.08749566,31,11.91250434,1,Fake
0.001014227,2.8980447,0.000133595,0.000177743,0.000245584,8.4847605,2.2603786,13.64475495,31,17.35524505,0,Fake
0.013548785,2.5378326,0.000181117,0.000683001,0.003920499,0.000506867,9.964485,12.52115787,31,18.47884213,0,Fake
0.11706765,0.000336917,0.000496029,0.11532243,0.002472216,0.004707251,0.000996417,0.24139891,31,30.75860109,0,Fake
0.003739111,2.8004908,0.000385362,0.000181837,0.001931898,4.6158417,6.368972,13.79154271,31,17.20845729,0,Fake
0.001718737,3.0327445,0.000196542,9.141656,0.000634921,0.000128989,4.6191486,16.79622829,31,14.20377171,1,Fake
0.003377041,3.1362586,0.000370014,0.000274254,0.000692485,8.354502,3.5592482,15.05472259,31,15.94527741,0,Fake
0.024281017,3.1202715,0.000282545,0.000163672,0.013085119,0.000177915,6.79153,9.949791768,31,21.05020823,0,Fake
0.006048655,0.000142898,0.000370491,0.00070809,0.002162495,0.000850341,0.000318135,0.010601104,31,30.9893989,0,Fake
0.001147593,4.243651,0.000239724,0.000110846,0.000253984,0.000192499,0.000142061,4.245737707,31,26.75426229,0,Fake
0.000500185,2.236953,0.000140904,0.000101849,0.000227038,4.3007854,2.2763366,8.815044976,31,22.18495502,0,Fake
0.007233226,0.000210918,0.001094643,0.001066896,0.001267692,0.000533394,0.00123276,0.012639528,31,30.98736047,0,Fake
0.001515004,5.323394,0.000473052,0.000111229,0.000457346,0.000148773,0.000178349,5.326277754,31,25.67372225,0,Fake
0.003920603,1.7641849,0.000122869,0.000126844,0.000957639,6.412956,2.360877,10.54314585,31,20.45685415,0,Fake
0.002579257,1.820739,0.000116509,0.00018515,0.000951263,3.6577887,1.9665575,7.448917379,31,23.55108262,0,Fake
0.001300862,1.6113374,8.759174,0.000114567,0.000393327,4.9535418,2.3260785,17.65194046,31,13.34805954,1,Fake
0.000771061,1.9174231,9.392933,0.000164309,0.000232186,3.778692,2.0427564,17.13297206,31,13.86702794,1,Fake
0.001311657,3.109865,0.00028592,0.000123433,0.00026885,0.000104789,5.66792,8.779879648,31,22.22012035,0,Fake
0.000608112,2.3951543,0.000156685,8.640665,0.000190539,3.846414,3.6437894,18.52697804,31,12.47302196,1,Fake
0.01102791,0.000112053,0.000316825,0.000302846,0.000543512,0.003946432,0.000292993,0.016542572,31,30.98345743,0,Fake
0.35805723,3.1576685,0.000675715,0.000370708,0.2653109,6.633392,5.2768188,15.69229385,31,15.30770615,1,Fake
0.009599981,1.4242369,0.000110211,0.000119692,0.003055163,5.2491243,2.5667137,9.252959948,31,21.74704005,0,Fake
0.000883969,3.0157775,0.000164361,0.000103145,0.000220414,6.5403176,0.00011112,9.557578108,31,21.44242189,0,Fake
0.000716867,4.420719,0.000391936,0.000107777,0.000395854,7.911322,5.3569485,17.69060193,31,13.30939807,1,Fake
0.005485639,5.7786507,0.000190622,0.000293694,0.000514051,0.001161726,0.000134324,5.786430756,31,25.21356924,0,Fake
0.012835078,7.8124816,0.001056548,0.000157826,0.001929338,0.001711964,0.000645574,7.830817928,31,23.16918207,0,Fake
0.000340081,5.1753283,0.000340191,0.000128568,0.000328222,5.843324,3.608569,14.62835836,31,16.37164164,0,Fake
0.21670432,0.000215789,0.000533711,0.001409699,0.006025384,0.07754623,0.000313932,0.302749064,31,30.69725094,0,Fake
0.022743672,0.000215956,0.000569902,0.001681093,0.003089165,0.004544252,0.000581217,0.033425256,31,30.96657474,0,Fake
0.000531038,2.5754229,0.000143183,0.000109475,0.000179111,4.6896985,2.8694636,10.13554781,31,20.86445219,0,Fake
0.004585825,0.000108668,0.000904105,0.000303735,0.001722425,0.000601237,0.000197731,0.008423726,31,30.99157627,0,Fake
0.03859505,0.000119717,0.000328905,0.000709285,0.001616709,0.015649518,0.000277955,0.057297138,31,30.94270286,0,Fake
0.000846626,3.3362954,0.000172981,0.000104881,0.000286441,9.452254,3.3752287,16.16518903,31,14.83481097,1,Fake
0.00652704,7.538769,0.000198619,0.000321436,0.00235703,0.000617504,0.000118913,7.548909541,31,23.45109046,0,Fake
0.000691164,2.1927459,0.000119874,0.000128669,0.000159297,5.1054758,2.8634713,10.162792,31,20.837208,0,Fake
0.022390401,1.5508569,0.000108574,0.000363997,0.006506109,0.000260936,3.3422726,4.922759518,31,26.07724048,0,Fake
0.000847667,0.000127864,0.000725363,0.000334108,0.00056642,0.000244851,8.754915,8.757761274,31,22.24223873,0,Fake
0.041243903,4.755527,0.000214125,0.0001658,0.019903248,0.000679067,0.000190668,4.817923811,31,26.18207619,0,Fake
0.001788449,4.0742492,0.000147727,0.000194638,0.000293121,0.000300901,5.1388524,9.215826437,31,21.78417356,0,Fake
0.000527746,3.823181,0.000209461,0.000114235,0.000210869,6.521969,4.132432,14.47864431,31,16.52135569,0,Fake
0.001374618,2.8062144,0.000152088,0.000115793,0.000262023,0.00015095,4.5126115,7.320881372,31,23.67911863,0,Fake
0.000607559,3.2051976,0.000154479,0.000115599,0.000185423,6.758393,4.537584,14.50223766,31,16.49776234,0,Fake
0.001020795,1.7833094,7.203941,0.000215995,0.000190618,4.7405625,2.1810607,15.91030101,31,15.08969899,1,Fake
0.012071157,0.000221358,0.000426305,0.001685705,0.002783734,0.002186778,0.00024595,0.019620986,31,30.98037901,0,Fake
0.000839378,2.4079016,0.000144996,8.783598,0.000246402,7.674921,4.2338565,23.10150788,31,7.898492123,1,Fake
0.000984675,1.8737946,0.0001292,0.000101798,0.000298455,3.674423,1.9392699,7.489001629,31,23.51099837,0,Fake
0.000879865,0.001771715,0.014535894,0.002888173,0.011837559,0.000973516,0.00045369,0.033340413,31,30.96665959,0,Fake
0.000955227,2.1092881,7.7565615,0.000211036,0.000197612,6.570173,3.739,20.17638647,31,10.82361353,1,Fake
0.000398506,2.893422,0.000141924,0.000104198,0.000148864,4.2838066,3.039343,10.21736509,31,20.78263491,0,Fake
0.000437892,4.474644,0.000218978,0.000124474,0.000200693,7.630217,4.566625,16.67246804,31,14.32753196,1,Fake
0.001316976,3.621138,0.00014,0.000291107,0.000170963,0.000145086,4.2107684,7.833970531,31,23.16602947,0,Fake
0.05832526,2.9419749,0.000250263,0.000170002,0.034353886,0.000215365,5.6398083,8.675097976,31,22.32490202,0,Fake
0.000371504,3.6038302,0.000214312,0.000132857,0.000199846,4.825785,3.0068208,11.43735452,31,19.56264548,0,Fake
0.001106373,3.959061,0.000305798,0.000170009,0.000269641,6.548468,4.966047,15.47542782,31,15.52457218,0,Fake
0.000910452,2.5894284,0.000242742,0.000105338,0.000438519,4.283112,3.4409728,10.31521025,31,20.68478975,0,Fake
0.00086465,2.9729308,0.000130272,0.000137389,0.000242863,8.6634784,3.5914105,15.22919488,31,15.77080512,0,Fake
0.006132629,5.8459715,0.000396008,0.000164074,0.002520389,0.000448173,0.000202787,5.85583556,31,25.14416444,0,Fake
0.027125852,6.665147,0.000640972,0.000363783,0.001705026,0.001096101,0.000615973,6.696694707,31,24.30330529,0,Fake
0.001222719,5.3001237,0.000262952,0.00017769,0.000347102,0.000233631,9.4533265,14.75569429,31,16.24430571,0,Fake
0.000579685,4.4766628,0.000177873,0.000131891,0.000187862,0.000117822,4.9634382,9.441296133,31,21.55870387,0,Fake
0.000467433,4.2048257,0.000216075,0.000140241,0.000234405,8.267601,3.7130754,16.18656025,31,14.81343975,1,Fake
0.001301069,4.574885,0.000248828,0.0001072,0.000257074,0.000256072,9.74252,14.31957524,31,16.68042476,0,Fake
0.0008393,1.615692,0.00011778,7.914861,0.000262832,4.7610723,2.7889557,17.08180091,31,13.91819909,1,Fake
0.002160302,1.6080707,9.329002,0.000405993,0.000398368,4.8021244,1.9574733,17.69963506,31,13.30036494,1,Fake
0.000530952,4.139528,0.000234697,0.000122587,0.000213275,7.98162,4.230103,16.35235251,31,14.64764749,1,Fake
0.000339409,3.9614893,0.000298502,9.357691,0.000268692,4.306301,3.8004146,21.4268025,31,9.573197496,1,Fake
0.001842948,1.6728647,7.328824,0.000364816,0.000236398,0.000141597,3.2030493,12.20732376,31,18.79267624,0,Fake
0.001058099,3.8241622,0.000217371,0.000114904,0.000365568,0.000129299,3.5556048,7.381652242,31,23.61834776,0,Fake
0.062047284,3.8970076,0.000358828,0.000121808,0.030388357,0.000370061,0.000224077,3.990518015,31,27.00948199,0,Fake
0.000370254,2.9026862,0.000126538,0.000117126,0.000168237,3.969946,2.3707793,9.244193654,31,21.75580635,0,Fake
0.001272358,2.3476958,0.000108068,0.000229497,0.000394907,6.825838,4.0311763,13.20671493,31,17.79328507,0,Fake
0.003122437,2.6007383,0.000142447,0.000102437,0.000965548,8.869551,3.5034478,14.97806997,31,16.02193003,0,Fake
0.000841275,2.578876,0.000192048,8.3970495,0.000290572,4.941473,3.4408546,19.359577,31,11.640423,1,Fake
0.5635209,0.000723229,0.098702,0.001438692,0.28951162,0.000755054,0.016497867,0.971149362,31,30.02885064,0,Fake
0.000619865,0.001018664,0.008474783,0.001666816,0.006116442,0.000606665,0.000262668,0.018765902,31,30.9812341,0,Fake
0.000884944,2.5743522,0.000177831,0.000101341,0.000323317,4.4572636,2.4861856,9.519288834,31,21.48071117,0,Fake
0.000713253,2.395721,0.000136999,0.000102626,0.000282479,5.5350512,2.144182,10.07618956,31,20.92381044,0,Fake
0.000773123,4.3026972,0.000181874,0.000260622,0.00023218,7.06126,5.727623,17.093028,31,13.906972,1,Fake
0.001784711,1.6099735,0.000142046,0.000126188,0.00056531,3.0843323,2.053785,6.750709054,31,24.24929095,0,Fake
0.0016314,1.1739607,7.629242,0.000235289,0.000388356,2.6738206,1.6619644,13.14124274,31,17.85875726,0,Fake
0.000547983,2.1376609,0.000125524,0.000125418,0.000226456,3.9141476,2.4412637,8.49409758,31,22.50590242,0,Fake
0.043269288,0.00011792,0.000972495,0.002644745,0.004839295,0.000678328,0.000625322,0.053147394,31,30.94685261,0,Fake
0.07052394,0.000197133,0.000524151,0.000501057,0.001613329,0.029242069,0.001602602,0.10420428,31,30.89579572,0,Fake
0.000659804,3.1404998,0.00017519,0.000185357,0.000176235,4.8917973,2.9797797,11.01327339,31,19.98672661,0,Fake
0.001944791,1.3668562,6.542819,0.000116469,0.000459606,5.3012453,1.8791221,15.09256347,31,15.90743653,0,Fake
0.002807411,1.5025351,0.000212495,0.000103929,0.001228877,2.2373306,2.6815886,6.425807011,31,24.57419299,0,Fake
0.000808628,2.2516224,0.000131695,9.267185,0.000213175,7.698069,3.9663657,23.1843956,31,7.815604402,1,Fake
0.013206798,2.7371954,0.000770307,0.000157001,0.006252416,5.3945816,0.000162214,8.152325737,31,22.84767426,0,Fake
0.003973004,3.3566947,0.000139114,0.000245698,0.000375671,0.000350927,7.995317,11.35709611,31,19.64290389,0,Fake
0.002547469,0.004190326,0.028326316,0.006616038,0.026363026,0.00195084,0.000694912,0.070688927,31,30.92931107,0,Fake
0.000460645,5.321688,0.000255696,0.000138742,0.000248088,8.470613,4.5897643,18.38316847,31,12.61683153,1,Fake
0.000545065,5.3867985,0.000340949,0.000178442,0.000297585,8.764262,4.3295375,18.48196004,31,12.51803996,1,Fake
0.003259878,0.000117849,0.00039613,0.000638167,0.001433755,0.000230602,0.000225655,0.006302036,31,30.99369796,0,Fake
0.000628233,3.847977,0.00027654,0.000133861,0.000329482,6.5162065,4.0800467,14.44559832,31,16.55440168,0,Fake
0.002124841,3.8696773,0.000192544,0.000250176,0.000401414,0.00013478,0.000205174,3.872986228,31,27.12701377,0,Fake
0.00045517,3.2289554,0.000180504,0.000107043,0.000196191,5.835589,3.46291,12.52839331,31,18.47160669,0,Fake
0.002202013,2.4484147,0.000121596,0.000193447,0.000862791,9.187615,4.030665,15.67007455,31,15.32992545,1,Fake
0.011430822,3.1034895,0.000260891,0.000111793,0.002346505,0.000421857,7.187657,10.30571837,31,20.69428163,0,Fake
0.001229498,4.006652,0.00016988,0.000287792,0.000322574,9.120523,0.000102449,13.12928719,31,17.87071281,0,Fake
0.013933785,0.000219959,0.00044981,0.002177438,0.002377786,0.002796481,0.000755418,0.022710676,31,30.97728932,0,Fake
0.000306656,4.4881745,0.000251141,0.000112368,0.000182138,5.8461723,4.2795644,14.6147635,31,16.3852365,0,Fake
0.000848061,2.2979055,0.00010381,0.000137859,0.000162619,6.984266,3.6333797,12.91680355,31,18.08319645,0,Fake
0.000647443,2.0423044,0.000100361,0.000142559,0.000152715,3.6173034,2.3460863,8.006737178,31,22.99326282,0,Fake
0.000573488,1.9882207,0.000164564,5.426297,0.000216595,3.370513,2.8240458,13.61003115,31,17.38996885,0,Fake
0.003093131,1.8025397,0.000118447,0.000172375,0.000948846,8.11588,2.534159,12.4569115,31,18.5430885,0,Fake
0.001062377,2.0925045,0.000157426,8.0638696,0.000376181,4.949292,5.8883652,20.99562728,31,10.00437272,1,Fake
0.021146467,0.000109117,0.000347511,0.002498682,0.005599603,0.000494188,0.000256013,0.030451581,31,30.96954842,0,Fake
0.000347499,4.4326487,0.000278234,0.000135426,0.000268211,5.0905608,2.7688813,12.29312017,31,18.70687983,0,Fake
0.000863818,4.907136,0.000288856,0.000110983,0.000356801,0.000126826,6.0077207,10.91660398,31,20.08339602,0,Fake
0.806065,0.001516011,0.002708719,0.008547429,0.013197741,0.5779575,0.002360971,1.412353371,31,29.58764663,0,Fake
0.002397917,6.818889,0.000182136,0.000384539,0.000228945,0.000459726,0.000100847,6.82264311,31,24.17735689,0,Fake
0.000671457,2.7298442,0.00012664,0.000158673,0.000146759,5.6843586,3.619146,12.03445233,31,18.96554767,0,Fake
0.019657291,6.192411,0.001121535,0.000557333,0.007572771,0.000552107,0.000344229,6.222216266,31,24.77778373,0,Fake
0.017957117,3.443773,0.000286986,0.000155279,0.003970987,0.000517699,0.000212035,3.466873102,31,27.5331269,0,Fake
0.015972488,1.9447203,0.000167084,0.000991186,0.004441558,0.000195104,3.894299,5.860786719,31,25.13921328,0,Fake
0.014308648,0.000212595,0.000444918,0.001915207,0.002684741,0.002314832,0.00078613,0.022667071,31,30.97733293,0,Fake
0.001511143,2.7744029,0.000241115,7.6604214,0.000564342,7.353417,6.7837434,24.5743013,31,6.4256987,1,Fake
0.003414812,1.5608632,0.000125516,0.000391761,0.00082169,6.720033,2.6288282,10.91447818,31,20.08552182,0,Fake
0.00626312,1.6343287,0.000135875,0.000717762,0.001318043,0.00011399,3.2375796,4.88045709,31,26.11954291,0,Fake
0.001055676,0.004202449,0.02428813,0.005557905,0.019794676,0.002046627,0.00071141,0.057656872,31,30.94234313,0,Fake
0.001098161,3.8750724,0.000234208,0.000222086,0.000622882,7.642472,2.9698052,14.48952694,31,16.51047306,0,Fake
0.001183255,1.8006618,0.0001079,0.000101869,0.000434832,4.1040654,2.5541047,8.460659755,31,22.53934024,0,Fake
0.015530958,0.000108785,0.00077556,0.000743095,0.001528721,0.003414539,0.000502015,0.022603674,31,30.97739633,0,Fake
0.000508668,3.0884497,0.000202572,0.000154574,0.000228792,4.9522474,2.6682752,10.71006691,31,20.28993309,0,Fake
0.001870195,3.0979245,0.0001626,0.000128284,0.000382071,0.000169981,6.427858,9.528495631,31,21.47150437,0,Fake
0.000797763,1.9189414,0.000120682,0.000117803,0.000353537,3.2319374,2.307535,7.459803585,31,23.54019641,0,Fake
0.001935272,1.4898433,8.54804,0.000123739,0.000605351,4.2828182,2.0276972,16.35106306,31,14.64893694,1,Fake
0.002331111,1.6268243,0.000125549,0.000190958,0.000521836,4.438503,2.2562157,8.324712455,31,22.67528754,0,Fake
0.000767272,2.0497366,0.000113746,0.000118082,0.000198686,4.6207697,2.4282936,9.099997685,31,21.90000231,0,Fake
0.13950892,0.000171159,0.000609812,0.08881724,0.008453453,0.000926217,0.00033502,0.238821822,31,30.76117818,0,Fake
0.06806227,0.000255725,0.000559607,0.09237823,0.003377848,0.001676423,0.000512212,0.166822316,31,30.83317768,0,Fake
0.01865742,9.8394514,0.000284806,0.000381118,0.001316502,0.009307102,0.000240057,9.869638405,31,21.1303616,0,Fake
0.00040717,3.732057,0.000238485,0.000110433,0.000178006,5.8840655,3.6750294,13.29208599,31,17.70791401,0,Fake
0.001765421,4.4362092,0.000184067,0.000182341,0.000342464,0.000273795,5.383404,9.822361288,31,21.17763871,0,Fake
0.000834093,3.2607473,0.000178944,0.000140743,0.00035077,6.3425585,3.2603773,12.86518765,31,18.13481235,0,Fake
0.000472407,4.214999,0.000260859,0.000126852,0.000303534,6.714127,3.7172063,14.64749595,31,16.35250405,0,Fake
0.08135617,0.000343775,0.000773707,0.1169811,0.004115867,0.002002187,0.000598952,0.206171757,31,30.79382824,0,Fake
0.00053468,4.267383,0.000199894,0.000143602,0.000206506,6.699762,3.263146,14.23137568,31,16.76862432,0,Fake
0.028659372,9.298743,0.000272189,0.000244344,0.003801353,0.005263041,0.000456727,9.337440026,31,21.66255997,0,Fake
0.017957117,3.443773,0.000286986,0.000155279,0.003970987,0.000517699,0.000212035,3.466873102,31,27.5331269,0,Fake
0.01399403,0.000152735,0.000325382,0.004278184,0.001675113,0.000647124,0.000625149,0.021697717,31,30.97830228,0,Fake
0.001007094,4.2353102,0.000207455,0.000117131,0.000241753,0.000113549,6.0074628,10.24445998,31,20.75554002,0,Fake
0.001186072,3.4826815,0.000151119,0.00016622,0.00019397,0.000146413,4.1662803,7.650805593,31,23.34919441,0,Fake
0.001483486,2.6076972,0.000132974,9.841281,0.00046442,6.394678,4.2936263,23.13936338,31,7.86063662,1,Fake
0.37495363,0.001027021,0.001754163,0.003270625,0.002952362,0.34934348,0.001635615,0.734936896,31,30.2650631,0,Fake
0.000431395,3.458834,0.000170468,0.000100409,0.000183536,6.207009,3.898773,13.56550181,31,17.43449819,0,Fake
0.000431395,3.458834,0.000170468,0.000100409,0.000183536,6.207009,3.898773,13.56550181,31,17.43449819,0,Fake
0.000415434,0.000169995,0.001027661,0.000286609,0.000851363,0.000185548,8.7817636,8.784700211,31,22.21529979,0,Fake
0.003934303,0.000106015,0.000938142,0.000544297,0.002533048,0.000210781,6.2108214,6.219087986,31,24.78091201,0,Fake
0.007509003,0.000148101,0.000240003,0.000609532,0.000316118,0.006157476,0.000186622,0.015166856,31,30.98483314,0,Fake
0.001031099,4.8048314,0.000347633,0.000155969,0.000384062,0.000111225,8.830461,13.63732239,31,17.36267761,0,Fake
0.000552823,6.513132,0.000558207,0.000197096,0.000759034,6.387456,5.6160912,18.51874636,31,12.48125364,1,Fake
0.002115947,2.6060887,0.000146073,0.000238569,0.000477032,0.000200962,5.8569476,8.466214884,31,22.53378512,0,Fake
0.000486005,5.386891,0.000336271,0.00014149,0.000286497,6.8400164,4.625558,16.85371566,31,14.14628434,1,Fake
0.001035879,1.7706523,0.000115224,0.000151622,0.00030197,3.885367,3.0394443,8.697068295,31,22.30293171,0,Fake
0.006071223,5.1751165,0.000140883,0.000433276,0.00043075,0.001055285,5.249805,10.43305292,31,20.56694708,0,Fake
0.002339226,0.000325762,0.001700752,0.001118591,0.001725121,0.000713385,0.000351631,0.008274468,31,30.99172553,0,Fake
0.000404275,3.2984466,0.000216137,9.03181,0.000204174,5.2508818,3.8743554,21.45631839,31,9.543681614,1,Fake
0.017885815,0.000186561,0.000598851,0.001333721,0.000717759,0.003056041,0.000748161,0.02452691,31,30.97547309,0,Fake
0.000891121,3.469379,0.000177421,0.000129409,0.000263715,0.000101603,4.373195,7.844137269,31,23.15586273,0,Fake
0.000622475,2.9817496,0.000207635,9.159089,0.000246754,5.7738693,3.603411,21.51919576,31,9.480804236,1,Fake
0.000476569,3.393826,0.000164643,0.00014318,0.000159066,5.9968563,4.0541305,13.44575626,31,17.55424374,0,Fake
0.00063638,5.3749143,0.000326449,0.000120716,0.000289732,9.630975,6.6333356,21.64059818,31,9.359401824,1,Fake
0.001364643,2.8645994,0.000139232,0.000249491,0.000266195,9.707967,4.497562,17.07214796,31,13.92785204,1,Fake
0.084370576,0.000112244,0.000595426,0.021898879,0.011042465,0.001661102,0.000262801,0.119943493,31,30.88005651,0,Fake
0.001216753,1.8789644,0.00013503,0.000186878,0.000329893,4.325724,2.2849188,8.491475753,31,22.50852425,0,Fake
0.001172659,1.976185,0.000129453,0.000112257,0.000548448,3.0527663,1.7834318,6.814345918,31,24.18565408,0,Fake
0.000326263,8.4252264,0.000500619,0.000155669,0.000375344,0.000102374,6.168012,14.59469867,31,16.40530133,0,Fake
0.001215712,4.3925214,0.000328114,0.000191219,0.000475426,8.1949016,4.8987058,17.48833927,31,13.51166073,1,Fake
0.00142665,3.5736215,0.000201506,0.000140207,0.000237086,0.000183761,5.0776787,8.653489409,31,22.34651059,0,Fake
0.001331492,3.4942786,0.000271411,0.000151583,0.000476105,6.450111,4.464934,14.41155419,31,16.58844581,0,Fake
0.000656689,4.4896213,0.000215104,0.000174263,0.000165634,0.000110581,4.514561,9.005504571,31,21.99449543,0,Fake
0.18202402,0.000586585,0.000774918,0.14955905,0.005655855,0.002580082,0.000672685,0.341853195,31,30.65814681,0,Fake
0.000292336,0.000189771,0.001474003,0.000415854,0.001439437,0.000153101,8.680182,8.684146501,31,22.3158535,0,Fake
0.005407033,4.3278986,0.000207345,0.000108248,0.001879291,0.000148919,8.5868225,12.92247194,31,18.07752806,0,Fake
0.002306738,3.8332568,0.000156424,0.000249602,0.0002463,0.000311337,3.367548,7.204075201,31,23.7959248,0,Fake
0.001276218,2.9503022,0.000113577,0.000165617,0.000280877,0.000152177,5.3160886,8.268379265,31,22.73162073,0,Fake
0.001855269,5.716889,0.000346345,0.000187155,0.00040944,0.000260195,7.792607,13.5125544,31,17.4874456,0,Fake
0.000526853,3.8717888,0.000249451,0.000116024,0.000248916,8.146089,2.992372,15.01139105,31,15.98860895,0,Fake
0.000402519,4.4487027,0.000215669,0.000117871,0.000170385,7.363592,5.651178,17.46437914,31,13.53562086,1,Fake
0.000402519,4.4487027,0.000215669,0.000117871,0.000170385,7.363592,5.651178,17.46437914,31,13.53562086,1,Fake
0.00848027,2.3967172,0.000122849,0.001435918,0.000593567,0.000537207,3.1356638,5.543550811,31,25.45644919,0,Fake
0.000977012,1.8011066,0.000111571,0.000138464,0.000231454,5.899376,2.541509,10.2434501,31,20.7565499,0,Fake
0.002605943,1.6756318,0.00012453,0.000415733,0.000587715,3.9371113,2.0399551,7.656432121,31,23.34356788,0,Fake
0.10716566,7.187322,0.000327187,0.029443044,0.005213125,0.003954876,0.0002556,7.333681492,31,23.66631851,0,Fake
0.004886131,3.0915675,0.000207687,0.001006645,0.000694809,9.972366,3.2396736,16.31040237,31,14.68959763,1,Fake
0.001577008,9.21362,0.000624829,0.000468163,0.001033219,0.00012651,5.3592375,14.57668723,31,16.42331277,0,Fake
0.000367786,3.9480597,0.000188383,0.000109608,0.000155831,6.203659,4.2156822,14.36822251,31,16.63177749,0,Fake
0.000443272,0.001322385,0.009189456,0.001761099,0.006624621,0.000756795,0.000420401,0.02051803,31,30.97948197,0,Fake
0.00848027,2.3967172,0.000122849,0.001435918,0.000593567,0.000537207,3.1356638,5.543550811,31,25.45644919,0,Fake
0.000367786,3.9480597,0.000188383,0.000109608,0.000155831,6.203659,4.2156822,14.36822251,31,16.63177749,0,Fake
0.018412452,0.00014735,0.0002647,0.000400866,0.000641292,0.015012231,0.000284744,0.035163634,31,30.96483637,0,Fake
0.07280927,2.3572258,0.000187463,0.006769783,0.02434101,0.000106484,3.270542,5.73198181,31,25.26801819,0,Fake
0.003564131,8.002876,0.000235906,0.000188963,0.000434342,0.001462475,0.000131963,8.00889378,31,22.99110622,0,Fake
0.000534783,2.2872147,0.000155206,8.9361776,0.000291451,3.207821,2.0455695,16.47776424,31,14.52223576,1,Fake
0.000485116,3.5570698,0.000231607,0.00012813,0.00030851,4.524556,2.443451,10.52623016,31,20.47376984,0,Fake
0.000338329,3.2385276,0.00016729,9.2871785,0.000156214,4.6432047,2.8969533,20.06652593,31,10.93347407,1,Fake
0.000514528,6.213114,0.000469818,0.000189959,0.000550282,6.272838,3.431077,15.91875359,31,15.08124641,1,Fake
0.000512492,7.215808,0.000575135,0.000203675,0.000657318,7.097438,3.957283,18.27247762,31,12.72752238,1,Fake
0.010577797,3.9573322,0.000128975,0.001998286,0.000425896,0.001318286,8.6363,12.60808144,31,18.39191856,0,Fake
0.000388974,3.620648,0.000230787,0.000109908,0.000260491,4.7673646,3.066904,11.45590676,31,19.54409324,0,Fake
0.001439574,3.2054908,0.000190406,0.000177583,0.000310452,0.000149312,3.4326746,6.640432728,31,24.35956727,0,Fake
0.001439574,3.2054908,0.000190406,0.000177583,0.000310452,0.000149312,3.4326746,6.640432728,31,24.35956727,0,Fake
0.000463403,4.195469,0.000301106,0.000111782,0.000341441,6.0091414,3.3118453,13.51767343,31,17.48232657,0,Fake
0.001439574,3.2054908,0.000190406,0.000177583,0.000310452,0.000149312,3.4326746,6.640432728,31,24.35956727,0,Fake
0.000545035,2.8009421,0.000141883,0.000105146,0.000174689,7.193301,2.895934,12.89114385,31,18.10885615,0,Fake
0.001051049,2.1056463,0.00013566,0.000102615,0.000240112,7.360236,3.1621705,12.62958224,31,18.37041776,0,Fake
0.000363556,6.0818147,0.000493874,0.000136536,0.000447979,6.928127,4.83491,17.84629364,31,13.15370636,1,Fake
0.000489527,2.4673702,0.000125575,9.210273,0.000186081,4.1554595,2.6405947,18.47449858,31,12.52550142,1,Fake
0.000538609,1.7338123,0.00012014,8.356031,0.00022711,2.5541485,1.8206347,14.46551236,31,16.53448764,0,Fake
0.000513888,2.2678125,0.000102524,0.000116921,0.000167706,4.3665234,2.572752,9.20798894,31,21.79201106,0,Fake
0.013849841,1.6975398,0.000509422,0.000131011,0.007645693,3.7377773,5.3784162,10.83586927,31,20.16413073,0,Fake
0.001086903,1.7864686,0.000110464,0.000134732,0.000268742,3.1169555,2.0445337,6.94955864,31,24.05044136,0,Fake
0.000796585,3.5802525,0.00030568,7.886683,0.000158532,6.278787,6.6629356,24.4099189,31,6.590081102,1,Fake
0.000393862,2.5134555,0.000138735,8.588903,0.000153868,3.7225454,2.7541704,17.57976077,31,13.42023923,1,Fake
0.000419788,2.6804124,0.000148596,0.000103924,0.000160816,3.8088576,3.1473355,9.637438623,31,21.36256138,0,Fake
0.000888125,1.4850485,7.2968156,0.000174415,0.000199616,3.54422,1.7860768,14.11342306,31,16.88657694,0,Fake
0.000561809,1.33872145,8.057221,7.5806165,0.000230344,2.3306082,1.6387938,20.9467531,31,10.0532469,1,Fake
0.000380856,3.1634434,0.00016057,0.00013191,0.000176774,4.476787,2.725365,10.36644551,31,20.63355449,0,Fake
0.003256666,4.1502004,0.000189542,0.000313207,0.000273024,0.000323974,5.5170553,9.671612114,31,21.32838789,0,Fake
0.000467814,2.2662452,0.000115832,0.000108421,0.000198266,3.172806,2.0161624,7.456103933,31,23.54389607,0,Fake
0.001060341,1.7773704,0.000123722,0.000141588,0.000200099,4.3440246,2.84655,8.969470749,31,22.03052925,0,Fake
0.000329168,2.9497258,0.000144249,0.000113789,0.000134415,3.8456732,2.6644306,9.460551221,31,21.53944878,0,Fake
0.000405978,2.6267857,0.000114016,0.000106945,0.000150176,3.9010865,2.809149,9.337798315,31,21.66220168,0,Fake
0.000421999,2.4256342,0.000131419,8.781119,0.000201657,3.218632,2.2352682,16.66140848,31,14.33859152,1,Fake
0.000756107,1.9158018,0.000163645,7.9084704,0.000317229,2.3369692,2.1201218,14.28260018,31,16.71739982,0,Fake
0.028109958,6.494934,0.00036324,0.006363854,0.001740976,0.000903931,0.000206479,6.532622439,31,24.46737756,0,Fake
0.000663573,2.1126742,0.000149011,9.8772136,0.000224669,3.412526,2.373383,17.77683405,31,13.22316595,1,Fake
0.00087345,2.0170259,0.000116115,0.000163987,0.000278855,3.067141,2.0839832,7.169582507,31,23.83041749,0,Fake
0.001665169,1.5089508,0.000157952,7.068583,0.000690574,3.0014833,2.5877696,14.1693004,31,16.8306996,0,Fake
0.000636554,2.496459,0.000137207,0.00012048,0.000216085,5.3573265,2.5058089,10.36070473,31,20.63929527,0,Fake
0.000599937,1.9943831,0.000132258,8.448856,0.000259001,3.2352866,2.166186,15.8457029,31,15.1542971,1,Fake
0.000456071,3.518679,0.000226542,0.000119782,0.000267472,4.920885,2.514448,10.95508187,31,20.04491813,0,Fake
0.000334487,3.4844586,0.000192899,0.000114945,0.00022473,4.483841,2.7841857,10.75335236,31,20.24664764,0,Fake
0.000365838,3.229374,0.000194769,0.000105708,0.000210326,4.401134,2.5930436,10.22442824,31,20.77557176,0,Fake
0.009660504,2.9209186,0.000260425,0.00014959,0.001530068,0.000510433,0.000117434,2.933147054,31,28.06685295,0,Fake
0.006337417,0.000179818,0.000805847,0.000432308,0.000555365,0.002307588,0.000251882,0.010870225,31,30.98912978,0,Fake
0.000460417,1.885135,0.000135339,8.209794,0.00025324,2.6999614,1.894279,14.6900184,31,16.3099816,0,Fake
0.001137839,2.0538946,0.000117062,0.000162799,0.000294551,3.1790605,1.9507403,7.185407651,31,23.81459235,0,Fake
0.01632352,0.000107249,0.000509716,0.002255805,0.00240416,0.000503928,0.000115654,0.022220032,31,30.97777997,0,Fake
0.000494657,2.4931445,0.000186294,9.0784306,0.000299046,3.3244174,2.150926,17.0478985,31,13.9521015,1,Fake
0.000486128,3.5850662,0.000152964,0.000109332,0.000171371,4.735493,3.8717037,12.19318269,31,18.80681731,0,Fake
0.000963099,1.31829975,9.19967,0.000108012,0.000342146,2.5059977,1.7241058,14.74948651,31,16.25051349,0,Fake
0.000426522,2.7997432,0.000158761,9.3793824,0.000172034,5.383214,2.5600084,20.12310532,31,10.87689468,1,Fake
0.000455243,2.9782997,0.000131546,0.00013261,0.000152595,4.4249493,2.622278,10.02639899,31,20.97360101,0,Fake
0.000600749,2.0543255,0.000112457,9.93189,0.000184058,4.0906238,2.3416049,18.41934146,31,12.58065854,1,Fake
0.000391865,3.198608,0.000144455,0.00010862,0.000126792,6.145713,3.6556896,13.00078233,31,17.99921767,0,Fake
0.000762678,2.47313,0.000132783,0.000118703,0.000170153,6.8150024,3.111049,12.40036572,31,18.59963428,0,Fake
0.004363896,9.836046,0.001152536,9.112012,0.00053517,0.000246506,0.001108148,18.95546426,31,12.04453574,1,Fake
0.000551752,4.7742757,0.000262812,0.000150137,0.00020527,0.000100968,3.8501057,8.625652338,31,22.37434766,0,Fake
0.000469909,4.0548766,0.000302235,0.000101418,0.000278123,5.723653,4.51256,14.29224128,31,16.70775872,0,Fake
0.003975465,3.4996345,0.000121352,0.000180505,0.000514876,0.000385671,4.53118,8.035992369,31,22.96400763,0,Fake
0.000523781,2.100414,0.000132526,7.821598,0.000269576,3.062085,1.8867302,14.87175308,31,16.12824692,0,Fake
0.015164582,3.168286,0.000648897,0.000131305,0.004200203,0.000214646,0.000260759,3.188906392,31,27.81109361,0,Fake
0.000439319,2.7726865,0.000149286,0.000108325,0.00016343,4.3395947,2.5298441,9.64298566,31,21.35701434,0,Fake
0.015003342,2.5987969,0.000264987,0.000783401,0.006492368,5.415885,0.000150866,8.037376864,31,22.96262314,0,Fake
0.0028531,3.1027233,0.000355189,5.8747468,0.000542971,6.837832,0.000314786,15.81936815,31,15.18063185,1,Fake
